/* 
** CREABASE.SQL
**
*/
/* ********************************************************************
      CREACION DE LA BASE DE DATOS
 ******************************************************************** */
USE MASTER
GO
IF EXISTS (SELECT * FROM SYSDATABASES WHERE NAME = 'Control_Academico')
BEGIN
	DROP DATABASE Control_Academico
END
GO
CREATE DATABASE Control_Academico 
GO
/* ********************************************************************
      CREACION DE TIPOS
 ******************************************************************** */
USE Control_Academico 
EXEC sp_addtype TCod_CP,   'varchar(2)', 'not null'
EXEC sp_addtype TCod_Alumno,  'varchar(6)', 'not null'
EXEC sp_addtype TCod_Asignatura, 'varchar(5)', 'not null'
EXEC sp_addtype TCod_Docente, 'varchar(7)', 'not null'
EXEC sp_addtype TSemestre,  'varchar(7)', 'not null'
GO
/* ********************************************************************
      CREACION DE TABLAS
 ******************************************************************** */
create table Carrera_Profesional
(	-- lista de atributos
 Cod_CP    TCod_CP,
 Nombre_CP   varchar(40)   null,
 primary key (Cod_CP)
)
go
-----------------------------------------------------------------------
create table Alumno
(	-- lista de atributos
	Cod_Alumno   TCod_Alumno,
	Paterno      varchar(15)  not null,
	Materno      varchar(15)  not null,
	Nombres      varchar(15)  not null,
	Cod_CP       TCod_CP,
	-- definición de claves
	primary key (Cod_Alumno),
	foreign key (Cod_CP) references Carrera_Profesional(Cod_CP)
)
go
-----------------------------------------------------------------------
create table Docente
(	-- lista de atributos
	Cod_Docente   TCod_Docente,
	Paterno     varchar(15)  not null,
	Materno     varchar(15)  not null,
	Nombres     varchar(15)  not null,
	Categoria   varchar(2)  default 'N' check (Categoria in ('PR','AS','AU','JP')),
	Regimen     varchar(4)  default 'DE' check (Regimen in ('DE','TC','TP20','TP10')),
	-- definición de claves
	primary key (Cod_Docente)
)
go
-----------------------------------------------------------------------
create table Asignatura
(	-- lista de atributos
	Cod_Asignatura		TCod_Asignatura,
	Cod_CP				TCod_CP,
	Nombre_Asignatura	varchar(80)  not null,
	Categoria			varchar(4)  default 'OE' check (Categoria in ('OE','EE','OCG','ECG','PPP','SEM')),
	Creditos			integer   default 1 check (Creditos > 0),
	-- definición de claves
	primary key (Cod_Asignatura, Cod_CP)
)
go
-----------------------------------------------------------------------
create table Catalogo
(	-- lista de atributos
	Semestre			TSemestre,
	Cod_Asignatura		TCod_Asignatura,
	Cod_CP				TCod_CP,
	Grupo				varchar(1),
	Cod_Docente			TCod_Docente,
	 -- definición de claves
	primary key (Semestre, Cod_Asignatura, Cod_CP, Grupo),
	foreign key (Cod_Asignatura, Cod_CP) references Asignatura(Cod_Asignatura, Cod_CP),
	foreign key (Cod_Docente) references Docente(Cod_Docente)
)
go
-----------------------------------------------------------------------
create table Matricula
(	-- lista de atributos
	Semestre		TSemestre,
	Cod_Asignatura TCod_Asignatura,
	Cod_CP			TCod_CP,
	Grupo			varchar(1),
	Cod_Alumno		TCod_Alumno,
	Nota			varchar(3)  default 'NSP'
					  check (Nota in ('NSP','00', '01','02','03','04','05','06','07','08','09','10',
										'11','12','13','14','15','16','17','18','19','20')),
	 -- definición de claves
	primary key (Semestre,Cod_Asignatura,Cod_CP,Grupo,Cod_Alumno),
	foreign key (Semestre, Cod_Asignatura, Cod_CP, Grupo) references Catalogo(Semestre,Cod_Asignatura, Cod_CP, Grupo),
	foreign key (Cod_Alumno) references Alumno(Cod_Alumno)
)
go

/* ******************************************************************** */
/*        INSERTAR DATOS       */
/* ******************************************************************** */
USE Control_Academico 
go
/* ***************** Carreras Profesional ************************** */
insert into Carrera_Profesional values('IN','INGENIERIA INFORMATICA Y DE SISTEMAS')
insert into Carrera_Profesional values('ME','MATEMATICAS')
insert into Carrera_Profesional values('CO','CONTABILIDAD')
insert into Carrera_Profesional values('IL','INGENIERIA ELECTRONICA')
go
/* ********************  Alumnos ************************* */
insert into Alumno values('980115','PAZ','GUERRA','ANA','IN')
insert into Alumno values('990225','ARCE','ANDIA','ANGEL ANTONIO','IN')
insert into Alumno values('991347','BUENO','BUENDIA','BENITO','IN')
insert into Alumno values('000231','CUSI','COSIO','CARLOTA','IN')
insert into Alumno values('001121','DUEÑAS','DAVILA','DAVID','IN')
insert into Alumno values('980335','ESCOBAR','ESTRADA','ERNESTO','ME')
insert into Alumno values('980255','FARFAN','FLORES','FABIOLA','ME')
insert into Alumno values('991371','GARCIA','GUDIEL','GABRIELA','ME')
insert into Alumno values('000219','HURTADO','HUILLCA','HUMBERTO','ME')
insert into Alumno values('001227','IBARRA','IBAÑEZ','INES','ME')
insert into Alumno values('980116','JIMENEZ','JARAMILLO','JULIO','CO')
insert into Alumno values('980277','KAWAMURA','KAWAMURA','KEVIN','CO')
insert into Alumno values('991197','LOZA','LUZA','LILIANA','CO')
insert into Alumno values('000919','MEZA','MAR','MARISOL','CO')
insert into Alumno values('001447','NUÑEZ','NAVIA','NOHEMI','CO')
insert into Alumno values('980366','ORTEGA','OCAMPO','OMAR','IL')
insert into Alumno values('990788','PRADO','PERALTA','PABLO','IL')
insert into Alumno values('991779','RAMOS','ROBLES','ROSA','IL')
insert into Alumno values('000998','SALAZAR','SALAS','SOFIA','IL')
insert into Alumno values('001876','TORRES','TARRAGA','TOMAS','IL')
go
/* ********************  Docentes ************************* */
insert into Docente values('CTJ1025','CANAL','TORRES','JUAN','PR','DE')
insert into Docente values('AUZ1096','ACUÑA','UMERES','ZOILA','AS','TC')
insert into Docente values('POE1340','PAREDES','OLVERA','ESTHER','AU','TC')
insert into Docente values('CPE1345','CARPIO','PUELLES','ERNESTO','AU','TC')
insert into Docente values('TPG1426','TARRAGA','PEZO','GIOVANNA','JP','TC')
insert into Docente values('ACE1433','ARCE','CRESPO','EVA','JP','TC')
go
/* ******************* Asignaturas ************************* */
/* =================== INFORMATICA ========================= */
insert into Asignatura values('IF101','IN','INTRODUCCION A LA INFORMATICA','OE',4)
insert into Asignatura values('IF201','IN','ALGORITMICA I','OE',4)
insert into Asignatura values('IF202','IN','ALGORITMICA II','OE',4)
insert into Asignatura values('IF203','IN','ALGORITMICA III','OE',4)
insert into Asignatura values('IF405','IN','SISTEMAS DE INFORMACION I','OE',4)
insert into Asignatura values('IF406','IN','SISTEMAS DE INFORMACION II','OE',4)
insert into Asignatura values('IF401','IN','SISTEMA DE BASE DE DATOS I','OE',4)
insert into Asignatura values('IF402','IN','SISTEMA DE BASE DE DATOS I','OE',4)
insert into Asignatura values('IF403','IN','SISTEMAS OPERATIVOS','OE',4)
insert into Asignatura values('IF501','IN','INTELIGENCIA ARTIFICIAL','OE',4)
insert into Asignatura values('ME101','IN','MATEMATICA BASICA I','OE',4)
insert into Asignatura values('ME201','IN','ESTADISTICA GENERAL','OE',4)
insert into Asignatura values('ME301','IN','MATEMATICA DISCRETA I','OE',4)
insert into Asignatura values('ME302','IN','MATEMATICA DISCRETA II','OE',4)
insert into Asignatura values('LI101','IN','ELOCUCION CASTELLANA','OCG',3)
go
/* =================== ELECTRONICA ========================= */
insert into Asignatura values('ME101','IL','COMPLEMENTOS DE MATEMATICAS I','OE',4)
insert into Asignatura values('IF101','IL','INTRODUCCION A LA INFORMATICA','OE',4)
insert into Asignatura values('IF105','IL','PROGRAMACION DIGITAL','OE',4)
insert into Asignatura values('IL301','IL','CIRCUITOS DIGITALES I','OE',4)
insert into Asignatura values('IL302','IL','CIRCUITOS DIGITALES II','OE',4)
insert into Asignatura values('IL501','IL','MICRO ELECTRONICA I','OE',4)
insert into Asignatura values('IL502','IL','MICRO ELECTRONICA II','OE',4)
insert into Asignatura values('ME201','IL','ESTADISTICA GENERAL','OE',4)
insert into Asignatura values('ME301','IL','MATEMATICA DISCRETA I','OE',4)
insert into Asignatura values('ME302','IL','MATEMATICA DISCRETA II','OE',4)
insert into Asignatura values('FI101','IL','FISICA I','OE',4)
insert into Asignatura values('FI102','IL','FISICA II','OE',4)
insert into Asignatura values('FI103','IL','FISICA III','OE',4)
insert into Asignatura values('FI104','IL','FISICA IV','OE',4)
insert into Asignatura values('LI101','IL','ELOCUCION CASTELLANA','OCG',3)
/* =================== MATEMATICAS ========================= */
insert into Asignatura values('IF101','ME','INTRODUCCION A LA INFORMATICA','OE',4)
insert into Asignatura values('IF105','ME','PROGRAMACION DIGITAL','OE',4)
insert into Asignatura values('ME101','ME','COMPLEMENTOS DE MATEMATICAS I','OE',4)
insert into Asignatura values('ME201','ME','ESTADISTICA I','OE',4)
insert into Asignatura values('ME202','ME','ESTADISTICA II','OE',4)
insert into Asignatura values('ME301','ME','ALGEBRA LINEAL I','OE',4)
insert into Asignatura values('ME302','ME','ALGEBRA LINEAL II','OE',4)
insert into Asignatura values('ME401','ME','TOPOLOGIA','OE',4)
insert into Asignatura values('FI101','ME','FISICA I','OE',4)
insert into Asignatura values('FI102','ME','FISICA II','OE',4)
insert into Asignatura values('FI103','ME','FISICA III','OE',4)
insert into Asignatura values('FI104','ME','FISICA IV','OE',4)
insert into Asignatura values('LI101','ME','ELOCUCION CASTELLANA','OCG',3)
/* =================== CONTABILIDAD ========================= */
insert into Asignatura values('ME101','CO','INTRODUCCION A LAS MATEMATICAS','OE',4)
insert into Asignatura values('ME201','CO','ESTADISTICA GENERAL','EE',3)
insert into Asignatura values('IF101','CO','INFORMATICA I','OE',4)
insert into Asignatura values('IF102','CO','INFORMATICA II','OE',4)
insert into Asignatura values('AD101','CO','ADMINISTRACION Y ORGANIZACION DE EMPRESAS','OE',4)
insert into Asignatura values('CO101','CO','CONTABILIDAD GENERAL','OE',4)
insert into Asignatura values('CO401','CO','AUDITORIA I','OE',4)
insert into Asignatura values('CO402','CO','AUDITORIA II','EE',3)
insert into Asignatura values('CO601','CO','CONTABILIDAD AUTOMATIZADA','OE',4)
insert into Asignatura values('CO602','CO','CONTABILIDAD GERENCIAL I','OE',4)
insert into Asignatura values('CO603','CO','CONTABILIDAD GERENCIAL II','OE',4)
insert into Asignatura values('CO604','CO','CONTABILIDAD DE COSTOS','OE',4)
go
/* ******************* Catalogos ************************* */
/* =================== INFORMATICA ========================= */
insert into Catalogo values('2017-I','IF101','IN','A','CTJ1025')
insert into Catalogo values('2017-I','IF201','IN','A','AUZ1096')
insert into Catalogo values('2017-I','IF202','IN','A','POE1340')
insert into Catalogo values('2017-I','IF203','IN','A','CTJ1025')
insert into Catalogo values('2017-I','IF405','IN','A','AUZ1096')
insert into Catalogo values('2017-I','IF406','IN','A','POE1340')
insert into Catalogo values('2017-I','IF401','IN','A','CTJ1025')
insert into Catalogo values('2017-I','IF402','IN','A','CTJ1025')
insert into Catalogo values('2017-I','IF403','IN','A','AUZ1096')
insert into Catalogo values('2017-I','IF501','IN','A','POE1340')
insert into Catalogo values('2017-I','ME101','IN','A','TPG1426')
insert into Catalogo values('2017-I','ME201','IN','A','ACE1433')
insert into Catalogo values('2017-I','ME301','IN','A','TPG1426')
insert into Catalogo values('2017-I','ME302','IN','A','ACE1433')
insert into Catalogo values('2017-I','LI101','IN','A','AUZ1096')
insert into Catalogo values('2017-II','IF101','IN','A','CTJ1025')
insert into Catalogo values('2017-II','IF201','IN','A','AUZ1096')
insert into Catalogo values('2017-II','IF202','IN','A','AUZ1096')
insert into Catalogo values('2017-II','IF203','IN','A','CTJ1025')
insert into Catalogo values('2017-II','IF406','IN','A','POE1340')
insert into Catalogo values('2017-II','IF401','IN','A','CTJ1025')
insert into Catalogo values('2017-II','IF402','IN','A','ACE1433')
insert into Catalogo values('2017-II','IF403','IN','A','AUZ1096')
insert into Catalogo values('2017-II','IF501','IN','A','TPG1426')
insert into Catalogo values('2017-II','ME101','IN','A','POE1340')
insert into Catalogo values('2017-II','ME201','IN','A','CTJ1025')
insert into Catalogo values('2017-II','ME301','IN','A','TPG1426')
insert into Catalogo values('2017-II','LI101','IN','A','TPG1426')
insert into Catalogo values('2018-I','IF201','IN','A','AUZ1096')
insert into Catalogo values('2018-I','IF202','IN','A','CTJ1025')
insert into Catalogo values('2018-I','IF203','IN','A','POE1340')
insert into Catalogo values('2018-I','IF405','IN','A','AUZ1096')
insert into Catalogo values('2018-I','IF406','IN','A','POE1340')
insert into Catalogo values('2018-I','IF401','IN','A','TPG1426')
insert into Catalogo values('2018-I','IF402','IN','A','CTJ1025')
insert into Catalogo values('2018-I','IF403','IN','A','POE1340')
insert into Catalogo values('2018-I','IF501','IN','A','POE1340')
insert into Catalogo values('2018-I','ME101','IN','A','ACE1433')
insert into Catalogo values('2018-I','ME201','IN','A','TPG1426')
insert into Catalogo values('2018-I','ME301','IN','A','TPG1426')
insert into Catalogo values('2018-I','ME302','IN','A','ACE1433')
/* =================== ELECTRONICA ========================= */
insert into Catalogo values('2017-I','ME101','IL','A','CTJ1025')
insert into Catalogo values('2017-I','IF101','IL','A','AUZ1096')
insert into Catalogo values('2017-I','IF105','IL','A','ACE1433')
insert into Catalogo values('2017-I','IL301','IL','A','AUZ1096')
insert into Catalogo values('2017-I','IL302','IL','A','CTJ1025')
insert into Catalogo values('2017-I','IL501','IL','A','ACE1433')
insert into Catalogo values('2017-I','IL502','IL','A','CTJ1025')
insert into Catalogo values('2017-I','ME201','IL','A','POE1340')
insert into Catalogo values('2017-I','ME301','IL','A','CPE1345')
insert into Catalogo values('2017-I','ME302','IL','A','ACE1433')
insert into Catalogo values('2017-I','FI101','IL','A','TPG1426')
insert into Catalogo values('2017-I','FI102','IL','A','POE1340')
insert into Catalogo values('2017-I','FI103','IL','A','CPE1345')
insert into Catalogo values('2017-I','FI104','IL','A','POE1340')
insert into Catalogo values('2017-I','LI101','IL','A','AUZ1096')
insert into Catalogo values('2017-II','ME101','IL','A','CTJ1025')
insert into Catalogo values('2017-II','IF101','IL','A','POE1340')
insert into Catalogo values('2017-II','IL301','IL','A','AUZ1096')
insert into Catalogo values('2017-II','IL302','IL','A','AUZ1096')
insert into Catalogo values('2017-II','IL502','IL','A','CTJ1025')
insert into Catalogo values('2017-II','ME201','IL','A','POE1340')
insert into Catalogo values('2017-II','ME301','IL','A','AUZ1096')
insert into Catalogo values('2017-II','ME302','IL','A','ACE1433')
insert into Catalogo values('2017-II','FI101','IL','A','TPG1426')
insert into Catalogo values('2017-II','FI102','IL','A','POE1340')
insert into Catalogo values('2017-II','FI103','IL','A','POE1340')
insert into Catalogo values('2017-II','FI104','IL','A','CPE1345')
insert into Catalogo values('2017-II','LI101','IL','A','AUZ1096')
insert into Catalogo values('2018-I','ME101','IL','A','ACE1433')
insert into Catalogo values('2018-I','IF101','IL','A','AUZ1096')
insert into Catalogo values('2018-I','IF105','IL','A','CTJ1025')
insert into Catalogo values('2018-I','IL301','IL','A','CTJ1025')
insert into Catalogo values('2018-I','IL501','IL','A','ACE1433')
insert into Catalogo values('2018-I','IL502','IL','A','CTJ1025')
insert into Catalogo values('2018-I','ME201','IL','A','POE1340')
insert into Catalogo values('2018-I','ME301','IL','A','CPE1345')
insert into Catalogo values('2018-I','ME302','IL','A','CPE1345')
insert into Catalogo values('2018-I','FI101','IL','A','ACE1433')
insert into Catalogo values('2018-I','FI102','IL','A','POE1340')
insert into Catalogo values('2018-I','FI103','IL','A','CPE1345')
insert into Catalogo values('2018-I','FI104','IL','A','POE1340')
insert into Catalogo values('2018-I','LI101','IL','A','CPE1345')
/* =================== MATEMATICAS ========================= */
insert into Catalogo values('2017-I','IF101','ME','A','CTJ1025')
insert into Catalogo values('2017-I','IF105','ME','A','ACE1433')
insert into Catalogo values('2017-I','ME101','ME','A','AUZ1096')
insert into Catalogo values('2017-I','ME201','ME','A','POE1340')
insert into Catalogo values('2017-I','ME202','ME','A','AUZ1096')
insert into Catalogo values('2017-I','ME301','ME','A','ACE1433')
insert into Catalogo values('2017-I','ME302','ME','A','POE1340')
insert into Catalogo values('2017-I','ME401','ME','A','CPE1345')
insert into Catalogo values('2017-I','FI101','ME','A','CPE1345')
insert into Catalogo values('2017-I','FI102','ME','A','TPG1426')
insert into Catalogo values('2017-I','FI103','ME','A','CTJ1025')
insert into Catalogo values('2017-I','FI104','ME','A','AUZ1096')
insert into Catalogo values('2017-I','LI101','ME','A','CTJ1025')
insert into Catalogo values('2017-II','IF101','ME','A','CTJ1025')
insert into Catalogo values('2017-II','IF105','ME','A','AUZ1096')
insert into Catalogo values('2017-II','ME101','ME','A','CTJ1025')
insert into Catalogo values('2017-II','ME201','ME','A','ACE1433')
insert into Catalogo values('2017-II','ME202','ME','A','AUZ1096')
insert into Catalogo values('2017-II','ME301','ME','A','ACE1433')
insert into Catalogo values('2017-II','ME302','ME','A','AUZ1096')
insert into Catalogo values('2017-II','FI101','ME','A','CPE1345')
insert into Catalogo values('2017-II','FI102','ME','A','TPG1426')
insert into Catalogo values('2017-II','FI104','ME','A','POE1340')
insert into Catalogo values('2017-II','LI101','ME','A','CTJ1025')
insert into Catalogo values('2018-I','IF101','ME','A','CPE1345')
insert into Catalogo values('2018-I','IF105','ME','A','ACE1433')
insert into Catalogo values('2018-I','ME101','ME','A','CPE1345')
insert into Catalogo values('2018-I','ME201','ME','A','POE1340')
insert into Catalogo values('2018-I','ME202','ME','A','CPE1345')
insert into Catalogo values('2018-I','ME301','ME','A','ACE1433')
insert into Catalogo values('2018-I','ME302','ME','A','CPE1345')
insert into Catalogo values('2018-I','ME401','ME','A','TPG1426')
insert into Catalogo values('2018-I','FI101','ME','A','CPE1345')
insert into Catalogo values('2018-I','FI102','ME','A','TPG1426')
insert into Catalogo values('2018-I','FI103','ME','A','AUZ1096')
insert into Catalogo values('2018-I','FI104','ME','A','TPG1426')
insert into Catalogo values('2018-I','LI101','ME','A','AUZ1096')
/* =================== CONTABILIDAD ========================= */
insert into Catalogo values('2017-I','ME101','CO','A','CTJ1025')
insert into Catalogo values('2017-I','ME201','CO','A','ACE1433')
insert into Catalogo values('2017-I','IF101','CO','A','AUZ1096')
insert into Catalogo values('2017-I','IF102','CO','A','CTJ1025')
insert into Catalogo values('2017-I','AD101','CO','A','POE1340')
insert into Catalogo values('2017-I','CO101','CO','A','CPE1345')
insert into Catalogo values('2017-I','CO401','CO','A','CTJ1025')
insert into Catalogo values('2017-I','CO402','CO','A','POE1340')
insert into Catalogo values('2017-I','CO601','CO','A','CPE1345')
insert into Catalogo values('2017-I','CO602','CO','A','TPG1426')
insert into Catalogo values('2017-I','CO603','CO','A','ACE1433')
insert into Catalogo values('2017-I','CO604','CO','A','AUZ1096')
insert into Catalogo values('2017-II','ME101','CO','A','CTJ1025')
insert into Catalogo values('2017-II','ME201','CO','A','ACE1433')
insert into Catalogo values('2017-II','IF101','CO','A','CTJ1025')
insert into Catalogo values('2017-II','AD101','CO','A','POE1340')
insert into Catalogo values('2017-II','CO101','CO','A','CTJ1025')
insert into Catalogo values('2017-II','CO401','CO','A','ACE1433')
insert into Catalogo values('2017-II','CO601','CO','A','POE1340')
insert into Catalogo values('2017-II','CO602','CO','A','TPG1426')
insert into Catalogo values('2017-II','CO603','CO','A','AUZ1096')
insert into Catalogo values('2017-II','CO604','CO','A','AUZ1096')
insert into Catalogo values('2018-I','ME101','CO','A','ACE1433')
insert into Catalogo values('2018-I','ME201','CO','A','AUZ1096')
insert into Catalogo values('2018-I','IF102','CO','A','CTJ1025')
insert into Catalogo values('2018-I','AD101','CO','A','POE1340')
insert into Catalogo values('2018-I','CO101','CO','A','CPE1345')
insert into Catalogo values('2018-I','CO401','CO','A','POE1340')
insert into Catalogo values('2018-I','CO402','CO','A','TPG1426')
insert into Catalogo values('2018-I','CO601','CO','A','CPE1345')
insert into Catalogo values('2018-I','CO602','CO','A','TPG1426')
insert into Catalogo values('2018-I','CO603','CO','A','ACE1433')
insert into Catalogo values('2018-I','CO604','CO','A','AUZ1096')
/* ******************* Matriculas ************************* */
insert into Matricula values ('2018-I','AD101','CO','A','000919','15')
insert into Matricula values ('2018-I','AD101','CO','A','001447','07')
insert into Matricula values ('2018-I','AD101','CO','A','980116','18')
insert into Matricula values ('2018-I','AD101','CO','A','980277','11')
insert into Matricula values ('2018-I','AD101','CO','A','991197','03')
insert into Matricula values ('2018-I','CO101','CO','A','000919','05')
insert into Matricula values ('2018-I','CO101','CO','A','001447','17')
insert into Matricula values ('2018-I','CO101','CO','A','980116','14')
insert into Matricula values ('2018-I','CO402','CO','A','000919','05')
insert into Matricula values ('2018-I','CO402','CO','A','980277','17')
insert into Matricula values ('2018-I','CO402','CO','A','991197','14')
insert into Matricula values ('2018-I','CO601','CO','A','001447','17')
insert into Matricula values ('2018-I','CO601','CO','A','980116','14')
insert into Matricula values ('2018-I','CO603','CO','A','000919','12')
insert into Matricula values ('2018-I','CO603','CO','A','001447','11')
insert into Matricula values ('2018-I','CO603','CO','A','980116','02')
insert into Matricula values ('2018-I','CO603','CO','A','980277','19')
insert into Matricula values ('2018-I','CO603','CO','A','991197','18')
insert into Matricula values ('2018-I','CO604','CO','A','991197','12')
insert into Matricula values('2018-I','FI101','IL','A','000998','10')
insert into Matricula values('2018-I','FI102','IL','A','001876','12')
insert into Matricula values('2018-I','FI103','IL','A','980366','15')
insert into Matricula values('2018-I','FI104','IL','A','990788','09')
insert into Matricula values('2018-I','IF101','IL','A','000998','05')
insert into Matricula values('2018-I','IF105','IL','A','001876','18')
insert into Matricula values('2018-I','IL501','IL','A','000998','12')
insert into Matricula values('2018-I','IL502','IL','A','001876','14')
insert into Matricula values('2018-I','LI101','IL','A','980366','05')
insert into Matricula values('2018-I','ME101','IL','A','990788','16')
insert into Matricula values('2018-I','ME201','IL','A','000998','14')
insert into Matricula values('2018-I','ME301','IL','A','001876','02')
insert into Matricula values('2018-I','ME302','IL','A','980366','06')
insert into Matricula values('2018-I','FI101','IL','A','990788','08')
insert into Matricula values('2018-I','FI102','IL','A','000998','13')
insert into Matricula values('2018-I','FI103','IL','A','001876','15')
insert into Matricula values('2018-I','FI104','IL','A','980366','01')
insert into Matricula values('2018-I','IF101','IL','A','990788','03')
insert into Matricula values('2018-I','IF105','IL','A','000998','01')
insert into Matricula values('2018-I','IL301','IL','A','001876','15')
insert into Matricula values('2018-I','IL501','IL','A','990788','18')
insert into Matricula values ('2018-I','IF101','ME','A','980335','12')
insert into Matricula values ('2018-I','IF101','ME','A','980255','13')
insert into Matricula values ('2018-I','IF101','ME','A','991371','09')
insert into Matricula values ('2018-I','IF101','ME','A','000219','12')
insert into Matricula values ('2018-I','ME201','ME','A','980335','11')
insert into Matricula values ('2018-I','ME201','ME','A','980255','13')
insert into Matricula values ('2018-I','ME201','ME','A','991371','09')
insert into Matricula values ('2018-I','ME201','ME','A','000219','12')
insert into Matricula values ('2018-I','ME201','ME','A','001227','16')
insert into Matricula values ('2018-I','IF105','ME','A','980335','07')
insert into Matricula values ('2018-I','IF105','ME','A','980255','13')
insert into Matricula values ('2018-I','IF105','ME','A','991371','09')
insert into Matricula values ('2018-I','IF105','ME','A','000219','12')
insert into Matricula values ('2018-I','IF105','ME','A','001227','14')
insert into Matricula values ('2018-I','ME202','ME','A','980335','12')
insert into Matricula values ('2018-I','ME202','ME','A','980255','13')
insert into Matricula values ('2018-I','ME202','ME','A','991371','04')
insert into Matricula values ('2018-I','ME202','ME','A','000219','12')
insert into Matricula values ('2018-I','ME202','ME','A','001227','15')
insert into Matricula values('2018-I','IF201','IN','A','000231','13')
insert into Matricula values('2018-I','IF201','IN','A','001121','16')
insert into Matricula values('2018-I','IF201','IN','A','991347','13')
insert into Matricula values('2018-I','IF403','IN','A','991347','11')
insert into Matricula values('2018-I','IF403','IN','A','990225','17')
insert into Matricula values('2018-I','IF406','IN','A','990225','08')
insert into Matricula values('2018-I','IF501','IN','A','001121','12')
insert into Matricula values('2018-I','IF501','IN','A','990225','15')
insert into Matricula values('2018-I','IF406','IN','A','000231','10')
insert into Matricula values('2018-I','IF203','IN','A','980115','11')
insert into Matricula values('2018-I','ME301','IN','A','991347','15')
insert into Matricula values('2018-I','ME302','IN','A','990225','07')
insert into Matricula values('2018-I','ME201','IN','A','980115','14')
insert into Matricula values('2018-I','ME101','IN','A','001121','20')
insert into Matricula values('2018-I','ME101','IN','A','000231','16')
insert into Matricula values('2018-I','IF402','IN','A','000231','19')
insert into Matricula values('2018-I','IF402','IN','A','991347','05')
insert into Matricula values('2018-I','IF202','IN','A','990225','08')
insert into Matricula values('2018-I','IF201','IN','A','980115','10')
/* ********************  ELECTRONICA ************************* */
insert into Matricula values ('2017-II','FI101','IL','A','000998','11')
insert into Matricula values ('2017-II','FI101','IL','A','001876','15')
insert into Matricula values ('2017-II','FI102','IL','A','000998','12')
insert into Matricula values ('2017-II','FI102','IL','A','001876','09')
insert into Matricula values ('2017-II','FI102','IL','A','980366','08')
insert into Matricula values ('2017-II','FI102','IL','A','990788','18')
insert into Matricula values ('2017-II','FI103','IL','A','000998','14')
insert into Matricula values ('2017-II','FI103','IL','A','001876','11')
insert into Matricula values ('2017-II','FI103','IL','A','980366','05')
insert into Matricula values ('2017-II','FI103','IL','A','991779','02')
insert into Matricula values ('2017-II','FI104','IL','A','000998','13')
insert into Matricula values ('2017-II','FI104','IL','A','001876','17')
insert into Matricula values ('2017-II','FI104','IL','A','980366','11')
insert into Matricula values ('2017-II','FI104','IL','A','990788','04')
insert into Matricula values('2017-II','IL301','IL','A','000998','NSP')
insert into Matricula values('2017-II','IL301','IL','A','980366','15')
insert into Matricula values('2017-II','IL302','IL','A','990788','12')
insert into Matricula values('2017-II','IL302','IL','A','001876','17')
insert into Matricula values('2017-II','IL302','IL','A','980366','14')
insert into Matricula values('2017-II','IL502','IL','A','991779','NSP')
insert into Matricula values('2017-II','IL502','IL','A','990788','17')
/* ********************  CONTABILIDAD  ************************* */
insert into Matricula values('2017-II','CO101','CO','A','000919','16')
insert into Matricula values('2017-II','CO101','CO','A','001447','11')
insert into Matricula values('2017-II','CO101','CO','A','980116','08')
insert into Matricula values('2017-II','CO101','CO','A','980277','05')
insert into Matricula values('2017-II','CO101','CO','A','991197','10')
insert into Matricula values('2017-II','AD101','CO','A','000919','12')
insert into Matricula values('2017-II','AD101','CO','A','001447','14')
insert into Matricula values('2017-II','AD101','CO','A','980116','07')
insert into Matricula values('2017-II','AD101','CO','A','980277','06')
insert into Matricula values('2017-II','AD101','CO','A','991197','10')
insert into Matricula values('2017-II','CO401','CO','A','000919','16')
insert into Matricula values('2017-II','CO401','CO','A','001447','11')
insert into Matricula values('2017-II','CO401','CO','A','980116','08')
insert into Matricula values('2017-II','CO401','CO','A','980277','13')
insert into Matricula values('2017-II','CO401','CO','A','991197','11')
/*======================Matematica========================*/
insert into Matricula values ('2017-II','ME201','ME','A','980335','05')
insert into Matricula values ('2017-II','ME201','ME','A','980255','10')
insert into Matricula values ('2017-II','ME201','ME','A','991371','15')
insert into Matricula values ('2017-II','ME201','ME','A','000219','13')
insert into Matricula values ('2017-II','ME201','ME','A','001227','18')
insert into Matricula values ('2017-II','ME301','ME','A','980335','10')
insert into Matricula values ('2017-II','ME301','ME','A','980255','05')
insert into Matricula values ('2017-II','ME301','ME','A','001227','11')
insert into Matricula values ('2017-II','ME302','ME','A','991371','12')
insert into Matricula values ('2017-II','ME302','ME','A','000219','11')
insert into Matricula values ('2017-II','ME202','ME','A','001227','13')
insert into Matricula values ('2017-II','FI101','ME','A','980255','13')
insert into Matricula values ('2017-II','FI101','ME','A','000219','12')
insert into Matricula values ('2017-II','FI102','ME','A','980335','10')
insert into Matricula values ('2017-II','FI102','ME','A','991371','17')
insert into Matricula values ('2017-II','FI102','ME','A','980255','12')
insert into Matricula values('2017-II','IF101','ME','A','980335','15')
insert into Matricula values('2017-II','IF101','ME','A','980255','15')
insert into Matricula values('2017-II','IF101','ME','A','000219','10')
insert into Matricula values('2017-II','IF101','ME','A','001227','15')
insert into Matricula values('2017-II','IF101','ME','A','991371','11')
insert into Matricula values('2017-II','IF105','ME','A','980335','12')
insert into Matricula values('2017-II','IF105','ME','A','991371','10')
insert into Matricula values('2017-II','IF105','ME','A','000219','15')
insert into Matricula values('2017-II','ME101','ME','A','980335','05')
insert into Matricula values('2017-II','ME101','ME','A','980255','12')
insert into Matricula values('2017-II','ME101','ME','A','000219','18')
insert into Matricula values('2017-II','ME101','ME','A','001227','NSP')
insert into Matricula values('2017-II','LI101','ME','A','980335','11')
insert into Matricula values('2017-II','LI101','ME','A','991371','07')
insert into Matricula values('2017-II','LI101','ME','A','000219','12')
insert into Matricula values('2017-II','LI101','ME','A','001227','15')
insert into Matricula values('2017-II','LI101','ME','A','980255','13')
----------------- Informatica ----------------------------------
insert into Matricula values ('2017-II','IF201','IN','A','000231','12')
insert into Matricula values ('2017-II','IF201','IN','A','001121','17')
insert into Matricula values ('2017-II','IF201','IN','A','980115','09')
insert into Matricula values ('2017-II','IF201','IN','A','990225','15')
insert into Matricula values ('2017-II','IF101','IN','A','000231','04')
insert into Matricula values ('2017-II','IF101','IN','A','001121','11')
insert into Matricula values('2017-II','IF202','IN','A','001121','16')
insert into Matricula values('2017-II','IF202','IN','A','990225','16')
insert into Matricula values('2017-II','IF202','IN','A','000231','11')
insert into Matricula values('2017-II','IF203','IN','A','001121','14')
insert into Matricula values('2017-II','IF202','IN','A','980115','15')
insert into Matricula values('2017-II','IF203','IN','A','990225','14')
insert into Matricula values('2017-II','IF203','IN','A','991347','13')
insert into Matricula values('2017-I','AD101','CO','A','000919','NSP')
insert into Matricula values('2017-I','AD101','CO','A','001447','20')
insert into Matricula values('2017-I','AD101','CO','A','980116','NSP')
insert into Matricula values('2017-I','AD101','CO','A','980277','03')
insert into Matricula values('2017-I','AD101','CO','A','991197','NSP')
insert into Matricula values('2017-I','CO101','CO','A','000919','11')
insert into Matricula values('2017-I','CO101','CO','A','001447','NSP')
insert into Matricula values('2017-I','CO101','CO','A','980116','15')
insert into Matricula values('2017-I','CO101','CO','A','980277','16')
insert into Matricula values('2017-I','CO101','CO','A','991197','17')
insert into Matricula values('2017-I','CO401','CO','A','000919','13')
insert into Matricula values('2017-I','CO401','CO','A','001447','12')
insert into Matricula values('2017-I','CO401','CO','A','980116','08')
insert into Matricula values('2017-I','CO401','CO','A','980277','09')
insert into Matricula values('2017-I','CO401','CO','A','991197','NSP')
insert into Matricula values('2017-I','CO402','CO','A','000919','14')
insert into Matricula values('2017-I','CO402','CO','A','001447','20')
insert into Matricula values('2017-I','CO402','CO','A','980116','18')
insert into Matricula values('2017-I','CO402','CO','A','980277','13')
insert into Matricula values('2017-I','CO402','CO','A','991197','07')
insert into Matricula values('2017-I','CO601','CO','A','000919','06')
insert into Matricula values('2017-I','CO601','CO','A','001447','15')
insert into Matricula values('2017-I','CO601','CO','A','980116','13')
insert into Matricula values('2017-I','CO601','CO','A','980277','NSP')
insert into Matricula values('2017-I','CO601','CO','A','991197','16')
insert into Matricula values('2017-I','CO602','CO','A','000919','18')
insert into Matricula values('2017-I','CO602','CO','A','001447','14')
insert into Matricula values('2017-I','CO602','CO','A','980116','12')
insert into Matricula values('2017-I','CO602','CO','A','980277','11')
insert into Matricula values('2017-I','CO602','CO','A','991197','10')
insert into Matricula values('2017-I','CO603','CO','A','000919','05')
insert into Matricula values('2017-I','CO603','CO','A','001447','06')
insert into Matricula values('2017-I','CO603','CO','A','980116','04')
insert into Matricula values('2017-I','CO603','CO','A','980277','06')
insert into Matricula values('2017-I','CO603','CO','A','991197','09')
insert into Matricula values('2017-I','CO604','CO','A','000919','10')
insert into Matricula values('2017-I','CO604','CO','A','001447','03')
insert into Matricula values('2017-I','CO604','CO','A','980116','02')
insert into Matricula values('2017-I','CO604','CO','A','980277','05')
insert into Matricula values('2017-I','CO604','CO','A','991197','02')
insert into Matricula values('2017-I','FI101','IL','A','000998','11')
insert into Matricula values('2017-I','FI101','IL','A','001876','15')
insert into Matricula values('2017-I','FI101','IL','A','980366','17')
insert into Matricula values('2017-I','FI101','IL','A','990788','15')
insert into Matricula values('2017-I','FI101','IL','A','991779','15')
insert into Matricula values('2017-I','FI101','ME','A','000219','13')
insert into Matricula values('2017-I','FI101','ME','A','001227','19')
insert into Matricula values('2017-I','FI101','ME','A','980255','20')
insert into Matricula values('2017-I','FI101','ME','A','980335','NSP')
insert into Matricula values('2017-I','FI101','ME','A','991371','13')
insert into Matricula values('2017-I','FI102','IL','A','000998','16')
insert into Matricula values('2017-I','FI102','IL','A','001876','17')
insert into Matricula values('2017-I','FI102','IL','A','980366','19')
insert into Matricula values('2017-I','FI102','IL','A','990788','NSP')
insert into Matricula values('2017-I','FI102','IL','A','991779','NSP')
insert into Matricula values('2017-I','FI102','ME','A','000219','NSP')
insert into Matricula values('2017-I','FI102','ME','A','001227','17')
insert into Matricula values('2017-I','FI102','ME','A','980255','04')
insert into Matricula values('2017-I','FI102','ME','A','980335','13')
insert into Matricula values('2017-I','FI102','ME','A','991371','08')
insert into Matricula values('2017-I','FI103','IL','A','000998','04')
insert into Matricula values('2017-I','FI103','IL','A','001876','NSP')
insert into Matricula values('2017-I','FI103','IL','A','980366','13')
insert into Matricula values('2017-I','FI103','IL','A','990788','15')
insert into Matricula values('2017-I','FI103','IL','A','991779','14')
insert into Matricula values('2017-I','FI103','ME','A','000219','13')
insert into Matricula values('2017-I','FI103','ME','A','001227','NSP')
insert into Matricula values('2017-I','FI103','ME','A','980255','NSP')
insert into Matricula values('2017-I','FI103','ME','A','980335','14')
insert into Matricula values('2017-I','FI103','ME','A','991371','05')
insert into Matricula values('2017-I','FI104','IL','A','000998','06')
insert into Matricula values('2017-I','FI104','IL','A','001876','04')
insert into Matricula values('2017-I','FI104','IL','A','980366','09')
insert into Matricula values('2017-I','FI104','IL','A','990788','12')
insert into Matricula values('2017-I','FI104','IL','A','991779','17')
insert into Matricula values('2017-I','FI104','ME','A','000219','18')
insert into Matricula values('2017-I','FI104','ME','A','001227','15')
insert into Matricula values('2017-I','FI104','ME','A','980255','13')
insert into Matricula values('2017-I','FI104','ME','A','980335','06')
insert into Matricula values('2017-I','FI104','ME','A','991371','04')
insert into Matricula values('2017-I','IF101','CO','A','000919','06')
insert into Matricula values('2017-I','IF101','CO','A','001447','03')
insert into Matricula values('2017-I','IF101','CO','A','980116','02')
insert into Matricula values('2017-I','IF101','CO','A','980277','05')
insert into Matricula values('2017-I','IF101','CO','A','991197','14')
insert into Matricula values('2017-I','IF101','IL','A','000998','16')
insert into Matricula values('2017-I','IF101','IL','A','001876','15')
insert into Matricula values('2017-I','IF101','IL','A','980366','14')
insert into Matricula values('2017-I','IF101','IL','A','990788','17')
insert into Matricula values('2017-I','IF101','IL','A','991779','18')
insert into Matricula values('2017-I','IF101','IN','A','000231','20')
insert into Matricula values('2017-I','IF101','IN','A','001121','20')
insert into Matricula values('2017-I','IF101','IN','A','980115','18')
insert into Matricula values('2017-I','IF101','IN','A','990225','19')
insert into Matricula values('2017-I','IF101','IN','A','991347','15')
insert into Matricula values('2017-I','IF101','ME','A','000219','14')
insert into Matricula values('2017-I','IF101','ME','A','001227','16')
insert into Matricula values('2017-I','IF101','ME','A','980255','17')
insert into Matricula values('2017-I','IF101','ME','A','980335','18')
insert into Matricula values('2017-I','IF101','ME','A','991371','15')
insert into Matricula values('2017-I','IF102','CO','A','000919','14')
insert into Matricula values('2017-I','IF102','CO','A','001447','13')
insert into Matricula values('2017-I','IF102','CO','A','980116','15')
insert into Matricula values('2017-I','IF102','CO','A','980277','19')
insert into Matricula values('2017-I','IF102','CO','A','991197','20')
insert into Matricula values('2017-I','IF105','IL','A','000998','18')
insert into Matricula values('2017-I','IF105','IL','A','001876','04')
insert into Matricula values('2017-I','IF105','IL','A','980366','06')
insert into Matricula values('2017-I','IF105','IL','A','990788','01')
insert into Matricula values('2017-I','IF105','IL','A','991779','00')
insert into Matricula values('2017-I','IF105','ME','A','000219','04')
insert into Matricula values('2017-I','IF105','ME','A','001227','07')
insert into Matricula values('2017-I','IF105','ME','A','980255','NSP')
insert into Matricula values('2017-I','IF105','ME','A','980335','09')
insert into Matricula values('2017-I','IF105','ME','A','991371','NSP')
insert into Matricula values('2017-I','IF201','IN','A','000231','08')
insert into Matricula values('2017-I','IF201','IN','A','001121','NSP')
insert into Matricula values('2017-I','IF201','IN','A','980115','NSP')
insert into Matricula values('2017-I','IF201','IN','A','990225','14')
insert into Matricula values('2017-I','IF201','IN','A','991347','16')
insert into Matricula values('2017-I','IF202','IN','A','000231','07')
insert into Matricula values('2017-I','IF202','IN','A','001121','15')
insert into Matricula values('2017-I','IF202','IN','A','980115','17')
insert into Matricula values('2017-I','IF202','IN','A','990225','05')
insert into Matricula values('2017-I','IF202','IN','A','991347','04')
insert into Matricula values('2017-I','IF203','IN','A','000231','02')
insert into Matricula values('2017-I','IF203','IN','A','001121','06')
insert into Matricula values('2017-I','IF203','IN','A','980115','07')
insert into Matricula values('2017-I','IF203','IN','A','990225','14')
insert into Matricula values('2017-I','IF203','IN','A','991347','05')
insert into Matricula values('2017-I','IF401','IN','A','000231','16')
insert into Matricula values('2017-I','IF401','IN','A','001121','17')
insert into Matricula values('2017-I','IF401','IN','A','980115','18')
insert into Matricula values('2017-I','IF401','IN','A','990225','17')
insert into Matricula values('2017-I','IF401','IN','A','991347','14')
insert into Matricula values('2017-I','IF402','IN','A','000231','14')
insert into Matricula values('2017-I','IF402','IN','A','001121','13')
insert into Matricula values('2017-I','IF402','IN','A','980115','15')
insert into Matricula values('2017-I','IF402','IN','A','990225','18')
insert into Matricula values('2017-I','IF402','IN','A','991347','13')
insert into Matricula values('2017-I','IF403','IN','A','000231','11')
insert into Matricula values('2017-I','IF403','IN','A','001121','12')
insert into Matricula values('2017-I','IF403','IN','A','980115','10')
insert into Matricula values('2017-I','IF403','IN','A','990225','NSP')
insert into Matricula values('2017-I','IF403','IN','A','991347','NSP')
insert into Matricula values('2017-I','IF405','IN','A','000231','NSP')
insert into Matricula values('2017-I','IF405','IN','A','001121','12')
insert into Matricula values('2017-I','IF405','IN','A','980115','17')
insert into Matricula values('2017-I','IF405','IN','A','990225','18')
insert into Matricula values('2017-I','IF405','IN','A','991347','19')
insert into Matricula values('2017-I','IF406','IN','A','000231','04')
insert into Matricula values('2017-I','IF406','IN','A','001121','05')
insert into Matricula values('2017-I','IF406','IN','A','980115','09')
insert into Matricula values('2017-I','IF406','IN','A','990225','14')
insert into Matricula values('2017-I','IF406','IN','A','991347','15')
insert into Matricula values('2017-I','IF501','IN','A','000231','15')
insert into Matricula values('2017-I','IF501','IN','A','001121','14')
insert into Matricula values('2017-I','IF501','IN','A','980115','13')
insert into Matricula values('2017-I','IF501','IN','A','990225','17')
insert into Matricula values('2017-I','IF501','IN','A','991347','18')
insert into Matricula values('2017-I','IL301','IL','A','000998','14')
insert into Matricula values('2017-I','IL301','IL','A','001876','14')
insert into Matricula values('2017-I','IL301','IL','A','980366','13')
insert into Matricula values('2017-I','IL301','IL','A','990788','17')
insert into Matricula values('2017-I','IL301','IL','A','991779','18')
insert into Matricula values('2017-I','IL302','IL','A','000998','19')
insert into Matricula values('2017-I','IL302','IL','A','001876','12')
insert into Matricula values('2017-I','IL302','IL','A','980366','17')
insert into Matricula values('2017-I','IL302','IL','A','990788','07')
insert into Matricula values('2017-I','IL302','IL','A','991779','05')
insert into Matricula values('2017-I','IL501','IL','A','000998','05')
insert into Matricula values('2017-I','IL501','IL','A','001876','05')
insert into Matricula values('2017-I','IL501','IL','A','980366','07')
insert into Matricula values('2017-I','IL501','IL','A','990788','NSP')
insert into Matricula values('2017-I','IL501','IL','A','991779','08')
insert into Matricula values('2017-I','IL502','IL','A','000998','05')
insert into Matricula values('2017-I','IL502','IL','A','001876','05')
insert into Matricula values('2017-I','IL502','IL','A','980366','15')
insert into Matricula values('2017-I','IL502','IL','A','990788','14')
insert into Matricula values('2017-I','IL502','IL','A','991779','05')
insert into Matricula values('2017-I','LI101','IL','A','000998','00')
insert into Matricula values('2017-I','LI101','IL','A','001876','01')
insert into Matricula values('2017-I','LI101','IL','A','980366','02')
insert into Matricula values('2017-I','LI101','IL','A','990788','03')
insert into Matricula values('2017-I','LI101','IL','A','991779','04')
insert into Matricula values('2017-I','LI101','IN','A','000231','05')
insert into Matricula values('2017-I','LI101','IN','A','001121','15')
insert into Matricula values('2017-I','LI101','IN','A','980115','16')
insert into Matricula values('2017-I','LI101','IN','A','990225','14')
insert into Matricula values('2017-I','LI101','IN','A','991347','13')
insert into Matricula values('2017-I','LI101','ME','A','000219','13')
insert into Matricula values('2017-I','LI101','ME','A','001227','14')
insert into Matricula values('2017-I','LI101','ME','A','980255','11')
insert into Matricula values('2017-I','LI101','ME','A','980335','12')
insert into Matricula values('2017-I','LI101','ME','A','991371','15')
insert into Matricula values('2017-I','ME101','CO','A','000919','13')
insert into Matricula values('2017-I','ME101','CO','A','001447','18')
insert into Matricula values('2017-I','ME101','CO','A','980116','19')
insert into Matricula values('2017-I','ME101','CO','A','980277','19')
insert into Matricula values('2017-I','ME101','CO','A','991197','20')
insert into Matricula values('2017-I','ME101','IL','A','000998','14')
insert into Matricula values('2017-I','ME101','IL','A','001876','15')
insert into Matricula values('2017-I','ME101','IL','A','980366','06')
insert into Matricula values('2017-I','ME101','IL','A','990788','07')
insert into Matricula values('2017-I','ME101','IL','A','991779','04')
insert into Matricula values('2017-I','ME101','IN','A','000231','04')
insert into Matricula values('2017-I','ME101','IN','A','001121','03')
insert into Matricula values('2017-I','ME101','IN','A','980115','03')
insert into Matricula values('2017-I','ME101','IN','A','990225','09')
insert into Matricula values('2017-I','ME101','IN','A','991347','03')
insert into Matricula values('2017-I','ME101','ME','A','000219','05')
insert into Matricula values('2017-I','ME101','ME','A','001227','06')
insert into Matricula values('2017-I','ME101','ME','A','980255','02')
insert into Matricula values('2017-I','ME101','ME','A','980335','15')
insert into Matricula values('2017-I','ME101','ME','A','991371','00')
insert into Matricula values('2017-I','ME201','CO','A','000919','01')
insert into Matricula values('2017-I','ME201','CO','A','001447','09')
insert into Matricula values('2017-I','ME201','CO','A','980116','16')
insert into Matricula values('2017-I','ME201','CO','A','980277','15')
insert into Matricula values('2017-I','ME201','CO','A','991197','18')
insert into Matricula values('2017-I','ME201','IL','A','000998','14')
insert into Matricula values('2017-I','ME201','IL','A','001876','13')
insert into Matricula values('2017-I','ME201','IL','A','980366','18')
insert into Matricula values('2017-I','ME201','IL','A','990788','13')
insert into Matricula values('2017-I','ME201','IL','A','991779','12')
insert into Matricula values('2017-I','ME201','IN','A','000231','18')
insert into Matricula values('2017-I','ME201','IN','A','001121','19')
insert into Matricula values('2017-I','ME201','IN','A','980115','09')
insert into Matricula values('2017-I','ME201','IN','A','990225','04')
insert into Matricula values('2017-I','ME201','IN','A','991347','03')
insert into Matricula values('2017-I','ME201','ME','A','000219','03')
insert into Matricula values('2017-I','ME201','ME','A','001227','06')
insert into Matricula values('2017-I','ME201','ME','A','980255','07')
insert into Matricula values('2017-I','ME201','ME','A','980335','08')
insert into Matricula values('2017-I','ME201','ME','A','991371','08')
insert into Matricula values('2017-I','ME202','ME','A','000219','06')
insert into Matricula values('2017-I','ME202','ME','A','001227','04')
insert into Matricula values('2017-I','ME202','ME','A','980255','NSP')
insert into Matricula values('2017-I','ME202','ME','A','980335','NSP')
insert into Matricula values('2017-I','ME202','ME','A','991371','05')
insert into Matricula values('2017-I','ME301','IL','A','000998','00')
insert into Matricula values('2017-I','ME301','IL','A','001876','15')
insert into Matricula values('2017-I','ME301','IL','A','980366','15')
insert into Matricula values('2017-I','ME301','IL','A','990788','NSP')
insert into Matricula values('2017-I','ME301','IL','A','991779','15')
insert into Matricula values('2017-I','ME301','IN','A','000231','15')
insert into Matricula values('2017-I','ME301','IN','A','001121','NSP')
insert into Matricula values('2017-I','ME301','IN','A','980115','NSP')
insert into Matricula values('2017-I','ME301','IN','A','990225','15')
insert into Matricula values('2017-I','ME301','IN','A','991347','15')
insert into Matricula values('2017-I','ME301','ME','A','000219','06')
insert into Matricula values('2017-I','ME301','ME','A','001227','20')
insert into Matricula values('2017-I','ME301','ME','A','980255','18')
insert into Matricula values('2017-I','ME301','ME','A','980335','16')
insert into Matricula values('2017-I','ME301','ME','A','991371','14')
insert into Matricula values('2017-I','ME302','IL','A','000998','18')
insert into Matricula values('2017-I','ME302','IL','A','001876','13')
insert into Matricula values('2017-I','ME302','IL','A','980366','13')
insert into Matricula values('2017-I','ME302','IL','A','990788','11')
insert into Matricula values('2017-I','ME302','IL','A','991779','06')
insert into Matricula values('2017-I','ME302','IN','A','000231','05')
insert into Matricula values('2017-I','ME302','IN','A','001121','06')
insert into Matricula values('2017-I','ME302','IN','A','980115','05')
insert into Matricula values('2017-I','ME302','IN','A','990225','05')
insert into Matricula values('2017-I','ME302','IN','A','991347','15')
insert into Matricula values('2017-I','ME302','ME','A','000219','13')
insert into Matricula values('2017-I','ME302','ME','A','001227','07')
insert into Matricula values('2017-I','ME302','ME','A','980255','16')
insert into Matricula values('2017-I','ME302','ME','A','980335','17')
insert into Matricula values('2017-I','ME302','ME','A','991371','08')
insert into Matricula values('2017-I','ME401','ME','A','000219','15')
insert into Matricula values('2017-I','ME401','ME','A','001227','07')
insert into Matricula values('2017-I','ME401','ME','A','980255','16')
insert into Matricula values('2017-I','ME401','ME','A','980335','14')
insert into Matricula values('2017-I','ME401','ME','A','991371','NSP')
go
